icon,unicode,html,value
address-book,f2b9,<i class='fa fas-address-book'></i>,fa fas-address-book
address-card,f2bb,<i class='fa fas-address-card'></i>,fa fas-address-card
adjust,f042,<i class='fa fas-adjust'></i>,fa fas-adjust
align-center,f037,<i class='fa fas-align-center'></i>,fa fas-align-center
align-justify,f039,<i class='fa fas-align-justify'></i>,fa fas-align-justify
align-left,f036,<i class='fa fas-align-left'></i>,fa fas-align-left
align-right,f038,<i class='fa fas-align-right'></i>,fa fas-align-right
allergies,f461,<i class='fa fas-allergies'></i>,fa fas-allergies
ambulance,f0f9,<i class='fa fas-ambulance'></i>,fa fas-ambulance
american-sign-language-interpreting,f2a3,<i class='fa fas-american-sign-language-interpreting'></i>,fa fas-american-sign-language-interpreting
anchor,f13d,<i class='fa fas-anchor'></i>,fa fas-anchor
angle-double-down,f103,<i class='fa fas-angle-double-down'></i>,fa fas-angle-double-down
angle-double-left,f100,<i class='fa fas-angle-double-left'></i>,fa fas-angle-double-left
angle-double-right,f101,<i class='fa fas-angle-double-right'></i>,fa fas-angle-double-right
angle-double-up,f102,<i class='fa fas-angle-double-up'></i>,fa fas-angle-double-up
angle-down,f107,<i class='fa fas-angle-down'></i>,fa fas-angle-down
angle-left,f104,<i class='fa fas-angle-left'></i>,fa fas-angle-left
angle-right,f105,<i class='fa fas-angle-right'></i>,fa fas-angle-right
angle-up,f106,<i class='fa fas-angle-up'></i>,fa fas-angle-up
archive,f187,<i class='fa fas-archive'></i>,fa fas-archive
arrow-alt-circle-down,f358,<i class='fa fas-arrow-alt-circle-down'></i>,fa fas-arrow-alt-circle-down
arrow-alt-circle-left,f359,<i class='fa fas-arrow-alt-circle-left'></i>,fa fas-arrow-alt-circle-left
arrow-alt-circle-right,f35a,<i class='fa fas-arrow-alt-circle-right'></i>,fa fas-arrow-alt-circle-right
arrow-alt-circle-up,f35b,<i class='fa fas-arrow-alt-circle-up'></i>,fa fas-arrow-alt-circle-up
arrow-circle-down,f0ab,<i class='fa fas-arrow-circle-down'></i>,fa fas-arrow-circle-down
arrow-circle-left,f0a8,<i class='fa fas-arrow-circle-left'></i>,fa fas-arrow-circle-left
arrow-circle-right,f0a9,<i class='fa fas-arrow-circle-right'></i>,fa fas-arrow-circle-right
arrow-circle-up,f0aa,<i class='fa fas-arrow-circle-up'></i>,fa fas-arrow-circle-up
arrow-down,f063,<i class='fa fas-arrow-down'></i>,fa fas-arrow-down
arrow-left,f060,<i class='fa fas-arrow-left'></i>,fa fas-arrow-left
arrow-right,f061,<i class='fa fas-arrow-right'></i>,fa fas-arrow-right
arrow-up,f062,<i class='fa fas-arrow-up'></i>,fa fas-arrow-up
arrows-alt,f0b2,<i class='fa fas-arrows-alt'></i>,fa fas-arrows-alt
arrows-alt-h,f337,<i class='fa fas-arrows-alt-h'></i>,fa fas-arrows-alt-h
arrows-alt-v,f338,<i class='fa fas-arrows-alt-v'></i>,fa fas-arrows-alt-v
assistive-listening-systems,f2a2,<i class='fa fas-assistive-listening-systems'></i>,fa fas-assistive-listening-systems
asterisk,f069,<i class='fa fas-asterisk'></i>,fa fas-asterisk
at,f1fa,<i class='fa fas-at'></i>,fa fas-at
audio-description,f29e,<i class='fa fas-audio-description'></i>,fa fas-audio-description
backward,f04a,<i class='fa fas-backward'></i>,fa fas-backward
balance-scale,f24e,<i class='fa fas-balance-scale'></i>,fa fas-balance-scale
ban,f05e,<i class='fa fas-ban'></i>,fa fas-ban
band-aid,f462,<i class='fa fas-band-aid'></i>,fa fas-band-aid
barcode,f02a,<i class='fa fas-barcode'></i>,fa fas-barcode
bars,f0c9,<i class='fa fas-bars'></i>,fa fas-bars
baseball-ball,f433,<i class='fa fas-baseball-ball'></i>,fa fas-baseball-ball
basketball-ball,f434,<i class='fa fas-basketball-ball'></i>,fa fas-basketball-ball
bath,f2cd,<i class='fa fas-bath'></i>,fa fas-bath
battery-empty,f244,<i class='fa fas-battery-empty'></i>,fa fas-battery-empty
battery-full,f240,<i class='fa fas-battery-full'></i>,fa fas-battery-full
battery-half,f242,<i class='fa fas-battery-half'></i>,fa fas-battery-half
battery-quarter,f243,<i class='fa fas-battery-quarter'></i>,fa fas-battery-quarter
battery-three-quarters,f241,<i class='fa fas-battery-three-quarters'></i>,fa fas-battery-three-quarters
bed,f236,<i class='fa fas-bed'></i>,fa fas-bed
beer,f0fc,<i class='fa fas-beer'></i>,fa fas-beer
bell,f0f3,<i class='fa fas-bell'></i>,fa fas-bell
bell-slash,f1f6,<i class='fa fas-bell-slash'></i>,fa fas-bell-slash
bicycle,f206,<i class='fa fas-bicycle'></i>,fa fas-bicycle
binoculars,f1e5,<i class='fa fas-binoculars'></i>,fa fas-binoculars
birthday-cake,f1fd,<i class='fa fas-birthday-cake'></i>,fa fas-birthday-cake
blender,f517,<i class='fa fas-blender'></i>,fa fas-blender
blind,f29d,<i class='fa fas-blind'></i>,fa fas-blind
bold,f032,<i class='fa fas-bold'></i>,fa fas-bold
bolt,f0e7,<i class='fa fas-bolt'></i>,fa fas-bolt
bomb,f1e2,<i class='fa fas-bomb'></i>,fa fas-bomb
book,f02d,<i class='fa fas-book'></i>,fa fas-book
book-open,f518,<i class='fa fas-book-open'></i>,fa fas-book-open
bookmark,f02e,<i class='fa fas-bookmark'></i>,fa fas-bookmark
bowling-ball,f436,<i class='fa fas-bowling-ball'></i>,fa fas-bowling-ball
box,f466,<i class='fa fas-box'></i>,fa fas-box
box-open,f49e,<i class='fa fas-box-open'></i>,fa fas-box-open
boxes,f468,<i class='fa fas-boxes'></i>,fa fas-boxes
braille,f2a1,<i class='fa fas-braille'></i>,fa fas-braille
briefcase,f0b1,<i class='fa fas-briefcase'></i>,fa fas-briefcase
briefcase-medical,f469,<i class='fa fas-briefcase-medical'></i>,fa fas-briefcase-medical
broadcast-tower,f519,<i class='fa fas-broadcast-tower'></i>,fa fas-broadcast-tower
broom,f51a,<i class='fa fas-broom'></i>,fa fas-broom
bug,f188,<i class='fa fas-bug'></i>,fa fas-bug
building,f1ad,<i class='fa fas-building'></i>,fa fas-building
bullhorn,f0a1,<i class='fa fas-bullhorn'></i>,fa fas-bullhorn
bullseye,f140,<i class='fa fas-bullseye'></i>,fa fas-bullseye
burn,f46a,<i class='fa fas-burn'></i>,fa fas-burn
bus,f207,<i class='fa fas-bus'></i>,fa fas-bus
calculator,f1ec,<i class='fa fas-calculator'></i>,fa fas-calculator
calendar,f133,<i class='fa fas-calendar'></i>,fa fas-calendar
calendar-alt,f073,<i class='fa fas-calendar-alt'></i>,fa fas-calendar-alt
calendar-check,f274,<i class='fa fas-calendar-check'></i>,fa fas-calendar-check
calendar-minus,f272,<i class='fa fas-calendar-minus'></i>,fa fas-calendar-minus
calendar-plus,f271,<i class='fa fas-calendar-plus'></i>,fa fas-calendar-plus
calendar-times,f273,<i class='fa fas-calendar-times'></i>,fa fas-calendar-times
camera,f030,<i class='fa fas-camera'></i>,fa fas-camera
camera-retro,f083,<i class='fa fas-camera-retro'></i>,fa fas-camera-retro
capsules,f46b,<i class='fa fas-capsules'></i>,fa fas-capsules
car,f1b9,<i class='fa fas-car'></i>,fa fas-car
caret-down,f0d7,<i class='fa fas-caret-down'></i>,fa fas-caret-down
caret-left,f0d9,<i class='fa fas-caret-left'></i>,fa fas-caret-left
caret-right,f0da,<i class='fa fas-caret-right'></i>,fa fas-caret-right
caret-square-down,f150,<i class='fa fas-caret-square-down'></i>,fa fas-caret-square-down
caret-square-left,f191,<i class='fa fas-caret-square-left'></i>,fa fas-caret-square-left
caret-square-right,f152,<i class='fa fas-caret-square-right'></i>,fa fas-caret-square-right
caret-square-up,f151,<i class='fa fas-caret-square-up'></i>,fa fas-caret-square-up
caret-up,f0d8,<i class='fa fas-caret-up'></i>,fa fas-caret-up
cart-arrow-down,f218,<i class='fa fas-cart-arrow-down'></i>,fa fas-cart-arrow-down
cart-plus,f217,<i class='fa fas-cart-plus'></i>,fa fas-cart-plus
certificate,f0a3,<i class='fa fas-certificate'></i>,fa fas-certificate
chalkboard,f51b,<i class='fa fas-chalkboard'></i>,fa fas-chalkboard
chalkboard-teacher,f51c,<i class='fa fas-chalkboard-teacher'></i>,fa fas-chalkboard-teacher
chart-area,f1fe,<i class='fa fas-chart-area'></i>,fa fas-chart-area
chart-bar,f080,<i class='fa fas-chart-bar'></i>,fa fas-chart-bar
chart-line,f201,<i class='fa fas-chart-line'></i>,fa fas-chart-line
chart-pie,f200,<i class='fa fas-chart-pie'></i>,fa fas-chart-pie
check,f00c,<i class='fa fas-check'></i>,fa fas-check
check-circle,f058,<i class='fa fas-check-circle'></i>,fa fas-check-circle
check-square,f14a,<i class='fa fas-check-square'></i>,fa fas-check-square
chess,f439,<i class='fa fas-chess'></i>,fa fas-chess
chess-bishop,f43a,<i class='fa fas-chess-bishop'></i>,fa fas-chess-bishop
chess-board,f43c,<i class='fa fas-chess-board'></i>,fa fas-chess-board
chess-king,f43f,<i class='fa fas-chess-king'></i>,fa fas-chess-king
chess-knight,f441,<i class='fa fas-chess-knight'></i>,fa fas-chess-knight
chess-pawn,f443,<i class='fa fas-chess-pawn'></i>,fa fas-chess-pawn
chess-queen,f445,<i class='fa fas-chess-queen'></i>,fa fas-chess-queen
chess-rook,f447,<i class='fa fas-chess-rook'></i>,fa fas-chess-rook
chevron-circle-down,f13a,<i class='fa fas-chevron-circle-down'></i>,fa fas-chevron-circle-down
chevron-circle-left,f137,<i class='fa fas-chevron-circle-left'></i>,fa fas-chevron-circle-left
chevron-circle-right,f138,<i class='fa fas-chevron-circle-right'></i>,fa fas-chevron-circle-right
chevron-circle-up,f139,<i class='fa fas-chevron-circle-up'></i>,fa fas-chevron-circle-up
chevron-down,f078,<i class='fa fas-chevron-down'></i>,fa fas-chevron-down
chevron-left,f053,<i class='fa fas-chevron-left'></i>,fa fas-chevron-left
chevron-right,f054,<i class='fa fas-chevron-right'></i>,fa fas-chevron-right
chevron-up,f077,<i class='fa fas-chevron-up'></i>,fa fas-chevron-up
child,f1ae,<i class='fa fas-child'></i>,fa fas-child
church,f51d,<i class='fa fas-church'></i>,fa fas-church
circle,f111,<i class='fa fas-circle'></i>,fa fas-circle
circle-notch,f1ce,<i class='fa fas-circle-notch'></i>,fa fas-circle-notch
clipboard,f328,<i class='fa fas-clipboard'></i>,fa fas-clipboard
clipboard-check,f46c,<i class='fa fas-clipboard-check'></i>,fa fas-clipboard-check
clipboard-list,f46d,<i class='fa fas-clipboard-list'></i>,fa fas-clipboard-list
clock,f017,<i class='fa fas-clock'></i>,fa fas-clock
clone,f24d,<i class='fa fas-clone'></i>,fa fas-clone
closed-captioning,f20a,<i class='fa fas-closed-captioning'></i>,fa fas-closed-captioning
cloud,f0c2,<i class='fa fas-cloud'></i>,fa fas-cloud
cloud-download-alt,f381,<i class='fa fas-cloud-download-alt'></i>,fa fas-cloud-download-alt
cloud-upload-alt,f382,<i class='fa fas-cloud-upload-alt'></i>,fa fas-cloud-upload-alt
code,f121,<i class='fa fas-code'></i>,fa fas-code
code-branch,f126,<i class='fa fas-code-branch'></i>,fa fas-code-branch
coffee,f0f4,<i class='fa fas-coffee'></i>,fa fas-coffee
cog,f013,<i class='fa fas-cog'></i>,fa fas-cog
cogs,f085,<i class='fa fas-cogs'></i>,fa fas-cogs
coins,f51e,<i class='fa fas-coins'></i>,fa fas-coins
columns,f0db,<i class='fa fas-columns'></i>,fa fas-columns
comment,f075,<i class='fa fas-comment'></i>,fa fas-comment
comment-alt,f27a,<i class='fa fas-comment-alt'></i>,fa fas-comment-alt
comment-dots,f4ad,<i class='fa fas-comment-dots'></i>,fa fas-comment-dots
comment-slash,f4b3,<i class='fa fas-comment-slash'></i>,fa fas-comment-slash
comments,f086,<i class='fa fas-comments'></i>,fa fas-comments
compact-disc,f51f,<i class='fa fas-compact-disc'></i>,fa fas-compact-disc
compass,f14e,<i class='fa fas-compass'></i>,fa fas-compass
compress,f066,<i class='fa fas-compress'></i>,fa fas-compress
copy,f0c5,<i class='fa fas-copy'></i>,fa fas-copy
copyright,f1f9,<i class='fa fas-copyright'></i>,fa fas-copyright
couch,f4b8,<i class='fa fas-couch'></i>,fa fas-couch
credit-card,f09d,<i class='fa fas-credit-card'></i>,fa fas-credit-card
crop,f125,<i class='fa fas-crop'></i>,fa fas-crop
crosshairs,f05b,<i class='fa fas-crosshairs'></i>,fa fas-crosshairs
crow,f520,<i class='fa fas-crow'></i>,fa fas-crow
crown,f521,<i class='fa fas-crown'></i>,fa fas-crown
cube,f1b2,<i class='fa fas-cube'></i>,fa fas-cube
cubes,f1b3,<i class='fa fas-cubes'></i>,fa fas-cubes
cut,f0c4,<i class='fa fas-cut'></i>,fa fas-cut
database,f1c0,<i class='fa fas-database'></i>,fa fas-database
deaf,f2a4,<i class='fa fas-deaf'></i>,fa fas-deaf
desktop,f108,<i class='fa fas-desktop'></i>,fa fas-desktop
diagnoses,f470,<i class='fa fas-diagnoses'></i>,fa fas-diagnoses
dice,f522,<i class='fa fas-dice'></i>,fa fas-dice
dice-five,f523,<i class='fa fas-dice-five'></i>,fa fas-dice-five
dice-four,f524,<i class='fa fas-dice-four'></i>,fa fas-dice-four
dice-one,f525,<i class='fa fas-dice-one'></i>,fa fas-dice-one
dice-six,f526,<i class='fa fas-dice-six'></i>,fa fas-dice-six
dice-three,f527,<i class='fa fas-dice-three'></i>,fa fas-dice-three
dice-two,f528,<i class='fa fas-dice-two'></i>,fa fas-dice-two
divide,f529,<i class='fa fas-divide'></i>,fa fas-divide
dna,f471,<i class='fa fas-dna'></i>,fa fas-dna
dollar-sign,f155,<i class='fa fas-dollar-sign'></i>,fa fas-dollar-sign
dolly,f472,<i class='fa fas-dolly'></i>,fa fas-dolly
dolly-flatbed,f474,<i class='fa fas-dolly-flatbed'></i>,fa fas-dolly-flatbed
donate,f4b9,<i class='fa fas-donate'></i>,fa fas-donate
door-closed,f52a,<i class='fa fas-door-closed'></i>,fa fas-door-closed
door-open,f52b,<i class='fa fas-door-open'></i>,fa fas-door-open
dot-circle,f192,<i class='fa fas-dot-circle'></i>,fa fas-dot-circle
dove,f4ba,<i class='fa fas-dove'></i>,fa fas-dove
download,f019,<i class='fa fas-download'></i>,fa fas-download
dumbbell,f44b,<i class='fa fas-dumbbell'></i>,fa fas-dumbbell
edit,f044,<i class='fa fas-edit'></i>,fa fas-edit
eject,f052,<i class='fa fas-eject'></i>,fa fas-eject
ellipsis-h,f141,<i class='fa fas-ellipsis-h'></i>,fa fas-ellipsis-h
ellipsis-v,f142,<i class='fa fas-ellipsis-v'></i>,fa fas-ellipsis-v
envelope,f0e0,<i class='fa fas-envelope'></i>,fa fas-envelope
envelope-open,f2b6,<i class='fa fas-envelope-open'></i>,fa fas-envelope-open
envelope-square,f199,<i class='fa fas-envelope-square'></i>,fa fas-envelope-square
equals,f52c,<i class='fa fas-equals'></i>,fa fas-equals
eraser,f12d,<i class='fa fas-eraser'></i>,fa fas-eraser
euro-sign,f153,<i class='fa fas-euro-sign'></i>,fa fas-euro-sign
exchange-alt,f362,<i class='fa fas-exchange-alt'></i>,fa fas-exchange-alt
exclamation,f12a,<i class='fa fas-exclamation'></i>,fa fas-exclamation
exclamation-circle,f06a,<i class='fa fas-exclamation-circle'></i>,fa fas-exclamation-circle
exclamation-triangle,f071,<i class='fa fas-exclamation-triangle'></i>,fa fas-exclamation-triangle
expand,f065,<i class='fa fas-expand'></i>,fa fas-expand
expand-arrows-alt,f31e,<i class='fa fas-expand-arrows-alt'></i>,fa fas-expand-arrows-alt
external-link-alt,f35d,<i class='fa fas-external-link-alt'></i>,fa fas-external-link-alt
external-link-square-alt,f360,<i class='fa fas-external-link-square-alt'></i>,fa fas-external-link-square-alt
eye,f06e,<i class='fa fas-eye'></i>,fa fas-eye
eye-dropper,f1fb,<i class='fa fas-eye-dropper'></i>,fa fas-eye-dropper
eye-slash,f070,<i class='fa fas-eye-slash'></i>,fa fas-eye-slash
fast-backward,f049,<i class='fa fas-fast-backward'></i>,fa fas-fast-backward
fast-forward,f050,<i class='fa fas-fast-forward'></i>,fa fas-fast-forward
fax,f1ac,<i class='fa fas-fax'></i>,fa fas-fax
feather,f52d,<i class='fa fas-feather'></i>,fa fas-feather
female,f182,<i class='fa fas-female'></i>,fa fas-female
fighter-jet,f0fb,<i class='fa fas-fighter-jet'></i>,fa fas-fighter-jet
file,f15b,<i class='fa fas-file'></i>,fa fas-file
file-alt,f15c,<i class='fa fas-file-alt'></i>,fa fas-file-alt
file-archive,f1c6,<i class='fa fas-file-archive'></i>,fa fas-file-archive
file-audio,f1c7,<i class='fa fas-file-audio'></i>,fa fas-file-audio
file-code,f1c9,<i class='fa fas-file-code'></i>,fa fas-file-code
file-excel,f1c3,<i class='fa fas-file-excel'></i>,fa fas-file-excel
file-image,f1c5,<i class='fa fas-file-image'></i>,fa fas-file-image
file-medical,f477,<i class='fa fas-file-medical'></i>,fa fas-file-medical
file-medical-alt,f478,<i class='fa fas-file-medical-alt'></i>,fa fas-file-medical-alt
file-pdf,f1c1,<i class='fa fas-file-pdf'></i>,fa fas-file-pdf
file-powerpoint,f1c4,<i class='fa fas-file-powerpoint'></i>,fa fas-file-powerpoint
file-video,f1c8,<i class='fa fas-file-video'></i>,fa fas-file-video
file-word,f1c2,<i class='fa fas-file-word'></i>,fa fas-file-word
film,f008,<i class='fa fas-film'></i>,fa fas-film
filter,f0b0,<i class='fa fas-filter'></i>,fa fas-filter
fire,f06d,<i class='fa fas-fire'></i>,fa fas-fire
fire-extinguisher,f134,<i class='fa fas-fire-extinguisher'></i>,fa fas-fire-extinguisher
first-aid,f479,<i class='fa fas-first-aid'></i>,fa fas-first-aid
flag,f024,<i class='fa fas-flag'></i>,fa fas-flag
flag-checkered,f11e,<i class='fa fas-flag-checkered'></i>,fa fas-flag-checkered
flask,f0c3,<i class='fa fas-flask'></i>,fa fas-flask
folder,f07b,<i class='fa fas-folder'></i>,fa fas-folder
folder-open,f07c,<i class='fa fas-folder-open'></i>,fa fas-folder-open
font,f031,<i class='fa fas-font'></i>,fa fas-font
font-awesome-logo-full,f4e6,<i class='fa fas-font-awesome-logo-full'></i>,fa fas-font-awesome-logo-full
football-ball,f44e,<i class='fa fas-football-ball'></i>,fa fas-football-ball
forward,f04e,<i class='fa fas-forward'></i>,fa fas-forward
frog,f52e,<i class='fa fas-frog'></i>,fa fas-frog
frown,f119,<i class='fa fas-frown'></i>,fa fas-frown
futbol,f1e3,<i class='fa fas-futbol'></i>,fa fas-futbol
gamepad,f11b,<i class='fa fas-gamepad'></i>,fa fas-gamepad
gas-pump,f52f,<i class='fa fas-gas-pump'></i>,fa fas-gas-pump
gavel,f0e3,<i class='fa fas-gavel'></i>,fa fas-gavel
gem,f3a5,<i class='fa fas-gem'></i>,fa fas-gem
genderless,f22d,<i class='fa fas-genderless'></i>,fa fas-genderless
gift,f06b,<i class='fa fas-gift'></i>,fa fas-gift
glass-martini,f000,<i class='fa fas-glass-martini'></i>,fa fas-glass-martini
glasses,f530,<i class='fa fas-glasses'></i>,fa fas-glasses
globe,f0ac,<i class='fa fas-globe'></i>,fa fas-globe
golf-ball,f450,<i class='fa fas-golf-ball'></i>,fa fas-golf-ball
graduation-cap,f19d,<i class='fa fas-graduation-cap'></i>,fa fas-graduation-cap
greater-than,f531,<i class='fa fas-greater-than'></i>,fa fas-greater-than
greater-than-equal,f532,<i class='fa fas-greater-than-equal'></i>,fa fas-greater-than-equal
h-square,f0fd,<i class='fa fas-h-square'></i>,fa fas-h-square
hand-holding,f4bd,<i class='fa fas-hand-holding'></i>,fa fas-hand-holding
hand-holding-heart,f4be,<i class='fa fas-hand-holding-heart'></i>,fa fas-hand-holding-heart
hand-holding-usd,f4c0,<i class='fa fas-hand-holding-usd'></i>,fa fas-hand-holding-usd
hand-lizard,f258,<i class='fa fas-hand-lizard'></i>,fa fas-hand-lizard
hand-paper,f256,<i class='fa fas-hand-paper'></i>,fa fas-hand-paper
hand-peace,f25b,<i class='fa fas-hand-peace'></i>,fa fas-hand-peace
hand-point-down,f0a7,<i class='fa fas-hand-point-down'></i>,fa fas-hand-point-down
hand-point-left,f0a5,<i class='fa fas-hand-point-left'></i>,fa fas-hand-point-left
hand-point-right,f0a4,<i class='fa fas-hand-point-right'></i>,fa fas-hand-point-right
hand-point-up,f0a6,<i class='fa fas-hand-point-up'></i>,fa fas-hand-point-up
hand-pointer,f25a,<i class='fa fas-hand-pointer'></i>,fa fas-hand-pointer
hand-rock,f255,<i class='fa fas-hand-rock'></i>,fa fas-hand-rock
hand-scissors,f257,<i class='fa fas-hand-scissors'></i>,fa fas-hand-scissors
hand-spock,f259,<i class='fa fas-hand-spock'></i>,fa fas-hand-spock
hands,f4c2,<i class='fa fas-hands'></i>,fa fas-hands
hands-helping,f4c4,<i class='fa fas-hands-helping'></i>,fa fas-hands-helping
handshake,f2b5,<i class='fa fas-handshake'></i>,fa fas-handshake
hashtag,f292,<i class='fa fas-hashtag'></i>,fa fas-hashtag
hdd,f0a0,<i class='fa fas-hdd'></i>,fa fas-hdd
heading,f1dc,<i class='fa fas-heading'></i>,fa fas-heading
headphones,f025,<i class='fa fas-headphones'></i>,fa fas-headphones
heart,f004,<i class='fa fas-heart'></i>,fa fas-heart
heartbeat,f21e,<i class='fa fas-heartbeat'></i>,fa fas-heartbeat
helicopter,f533,<i class='fa fas-helicopter'></i>,fa fas-helicopter
history,f1da,<i class='fa fas-history'></i>,fa fas-history
hockey-puck,f453,<i class='fa fas-hockey-puck'></i>,fa fas-hockey-puck
home,f015,<i class='fa fas-home'></i>,fa fas-home
hospital,f0f8,<i class='fa fas-hospital'></i>,fa fas-hospital
hospital-alt,f47d,<i class='fa fas-hospital-alt'></i>,fa fas-hospital-alt
hospital-symbol,f47e,<i class='fa fas-hospital-symbol'></i>,fa fas-hospital-symbol
hourglass,f254,<i class='fa fas-hourglass'></i>,fa fas-hourglass
hourglass-end,f253,<i class='fa fas-hourglass-end'></i>,fa fas-hourglass-end
hourglass-half,f252,<i class='fa fas-hourglass-half'></i>,fa fas-hourglass-half
hourglass-start,f251,<i class='fa fas-hourglass-start'></i>,fa fas-hourglass-start
i-cursor,f246,<i class='fa fas-i-cursor'></i>,fa fas-i-cursor
id-badge,f2c1,<i class='fa fas-id-badge'></i>,fa fas-id-badge
id-card,f2c2,<i class='fa fas-id-card'></i>,fa fas-id-card
id-card-alt,f47f,<i class='fa fas-id-card-alt'></i>,fa fas-id-card-alt
image,f03e,<i class='fa fas-image'></i>,fa fas-image
images,f302,<i class='fa fas-images'></i>,fa fas-images
inbox,f01c,<i class='fa fas-inbox'></i>,fa fas-inbox
indent,f03c,<i class='fa fas-indent'></i>,fa fas-indent
industry,f275,<i class='fa fas-industry'></i>,fa fas-industry
infinity,f534,<i class='fa fas-infinity'></i>,fa fas-infinity
info,f129,<i class='fa fas-info'></i>,fa fas-info
info-circle,f05a,<i class='fa fas-info-circle'></i>,fa fas-info-circle
italic,f033,<i class='fa fas-italic'></i>,fa fas-italic
key,f084,<i class='fa fas-key'></i>,fa fas-key
keyboard,f11c,<i class='fa fas-keyboard'></i>,fa fas-keyboard
kiwi-bird,f535,<i class='fa fas-kiwi-bird'></i>,fa fas-kiwi-bird
language,f1ab,<i class='fa fas-language'></i>,fa fas-language
laptop,f109,<i class='fa fas-laptop'></i>,fa fas-laptop
leaf,f06c,<i class='fa fas-leaf'></i>,fa fas-leaf
lemon,f094,<i class='fa fas-lemon'></i>,fa fas-lemon
less-than,f536,<i class='fa fas-less-than'></i>,fa fas-less-than
less-than-equal,f537,<i class='fa fas-less-than-equal'></i>,fa fas-less-than-equal
level-down-alt,f3be,<i class='fa fas-level-down-alt'></i>,fa fas-level-down-alt
level-up-alt,f3bf,<i class='fa fas-level-up-alt'></i>,fa fas-level-up-alt
life-ring,f1cd,<i class='fa fas-life-ring'></i>,fa fas-life-ring
lightbulb,f0eb,<i class='fa fas-lightbulb'></i>,fa fas-lightbulb
link,f0c1,<i class='fa fas-link'></i>,fa fas-link
lira-sign,f195,<i class='fa fas-lira-sign'></i>,fa fas-lira-sign
list,f03a,<i class='fa fas-list'></i>,fa fas-list
list-alt,f022,<i class='fa fas-list-alt'></i>,fa fas-list-alt
list-ol,f0cb,<i class='fa fas-list-ol'></i>,fa fas-list-ol
list-ul,f0ca,<i class='fa fas-list-ul'></i>,fa fas-list-ul
location-arrow,f124,<i class='fa fas-location-arrow'></i>,fa fas-location-arrow
lock,f023,<i class='fa fas-lock'></i>,fa fas-lock
lock-open,f3c1,<i class='fa fas-lock-open'></i>,fa fas-lock-open
long-arrow-alt-down,f309,<i class='fa fas-long-arrow-alt-down'></i>,fa fas-long-arrow-alt-down
long-arrow-alt-left,f30a,<i class='fa fas-long-arrow-alt-left'></i>,fa fas-long-arrow-alt-left
long-arrow-alt-right,f30b,<i class='fa fas-long-arrow-alt-right'></i>,fa fas-long-arrow-alt-right
long-arrow-alt-up,f30c,<i class='fa fas-long-arrow-alt-up'></i>,fa fas-long-arrow-alt-up
low-vision,f2a8,<i class='fa fas-low-vision'></i>,fa fas-low-vision
magic,f0d0,<i class='fa fas-magic'></i>,fa fas-magic
magnet,f076,<i class='fa fas-magnet'></i>,fa fas-magnet
male,f183,<i class='fa fas-male'></i>,fa fas-male
map,f279,<i class='fa fas-map'></i>,fa fas-map
map-marker,f041,<i class='fa fas-map-marker'></i>,fa fas-map-marker
map-marker-alt,f3c5,<i class='fa fas-map-marker-alt'></i>,fa fas-map-marker-alt
map-pin,f276,<i class='fa fas-map-pin'></i>,fa fas-map-pin
map-signs,f277,<i class='fa fas-map-signs'></i>,fa fas-map-signs
mars,f222,<i class='fa fas-mars'></i>,fa fas-mars
mars-double,f227,<i class='fa fas-mars-double'></i>,fa fas-mars-double
mars-stroke,f229,<i class='fa fas-mars-stroke'></i>,fa fas-mars-stroke
mars-stroke-h,f22b,<i class='fa fas-mars-stroke-h'></i>,fa fas-mars-stroke-h
mars-stroke-v,f22a,<i class='fa fas-mars-stroke-v'></i>,fa fas-mars-stroke-v
medkit,f0fa,<i class='fa fas-medkit'></i>,fa fas-medkit
meh,f11a,<i class='fa fas-meh'></i>,fa fas-meh
memory,f538,<i class='fa fas-memory'></i>,fa fas-memory
mercury,f223,<i class='fa fas-mercury'></i>,fa fas-mercury
microchip,f2db,<i class='fa fas-microchip'></i>,fa fas-microchip
microphone,f130,<i class='fa fas-microphone'></i>,fa fas-microphone
microphone-alt,f3c9,<i class='fa fas-microphone-alt'></i>,fa fas-microphone-alt
microphone-alt-slash,f539,<i class='fa fas-microphone-alt-slash'></i>,fa fas-microphone-alt-slash
microphone-slash,f131,<i class='fa fas-microphone-slash'></i>,fa fas-microphone-slash
minus,f068,<i class='fa fas-minus'></i>,fa fas-minus
minus-circle,f056,<i class='fa fas-minus-circle'></i>,fa fas-minus-circle
minus-square,f146,<i class='fa fas-minus-square'></i>,fa fas-minus-square
mobile,f10b,<i class='fa fas-mobile'></i>,fa fas-mobile
mobile-alt,f3cd,<i class='fa fas-mobile-alt'></i>,fa fas-mobile-alt
money-bill,f0d6,<i class='fa fas-money-bill'></i>,fa fas-money-bill
money-bill-alt,f3d1,<i class='fa fas-money-bill-alt'></i>,fa fas-money-bill-alt
money-bill-wave,f53a,<i class='fa fas-money-bill-wave'></i>,fa fas-money-bill-wave
money-bill-wave-alt,f53b,<i class='fa fas-money-bill-wave-alt'></i>,fa fas-money-bill-wave-alt
money-check,f53c,<i class='fa fas-money-check'></i>,fa fas-money-check
money-check-alt,f53d,<i class='fa fas-money-check-alt'></i>,fa fas-money-check-alt
moon,f186,<i class='fa fas-moon'></i>,fa fas-moon
motorcycle,f21c,<i class='fa fas-motorcycle'></i>,fa fas-motorcycle
mouse-pointer,f245,<i class='fa fas-mouse-pointer'></i>,fa fas-mouse-pointer
music,f001,<i class='fa fas-music'></i>,fa fas-music
neuter,f22c,<i class='fa fas-neuter'></i>,fa fas-neuter
newspaper,f1ea,<i class='fa fas-newspaper'></i>,fa fas-newspaper
not-equal,f53e,<i class='fa fas-not-equal'></i>,fa fas-not-equal
notes-medical,f481,<i class='fa fas-notes-medical'></i>,fa fas-notes-medical
object-group,f247,<i class='fa fas-object-group'></i>,fa fas-object-group
object-ungroup,f248,<i class='fa fas-object-ungroup'></i>,fa fas-object-ungroup
outdent,f03b,<i class='fa fas-outdent'></i>,fa fas-outdent
paint-brush,f1fc,<i class='fa fas-paint-brush'></i>,fa fas-paint-brush
palette,f53f,<i class='fa fas-palette'></i>,fa fas-palette
pallet,f482,<i class='fa fas-pallet'></i>,fa fas-pallet
paper-plane,f1d8,<i class='fa fas-paper-plane'></i>,fa fas-paper-plane
paperclip,f0c6,<i class='fa fas-paperclip'></i>,fa fas-paperclip
parachute-box,f4cd,<i class='fa fas-parachute-box'></i>,fa fas-parachute-box
paragraph,f1dd,<i class='fa fas-paragraph'></i>,fa fas-paragraph
parking,f540,<i class='fa fas-parking'></i>,fa fas-parking
paste,f0ea,<i class='fa fas-paste'></i>,fa fas-paste
pause,f04c,<i class='fa fas-pause'></i>,fa fas-pause
pause-circle,f28b,<i class='fa fas-pause-circle'></i>,fa fas-pause-circle
paw,f1b0,<i class='fa fas-paw'></i>,fa fas-paw
pen-square,f14b,<i class='fa fas-pen-square'></i>,fa fas-pen-square
pencil-alt,f303,<i class='fa fas-pencil-alt'></i>,fa fas-pencil-alt
people-carry,f4ce,<i class='fa fas-people-carry'></i>,fa fas-people-carry
percent,f295,<i class='fa fas-percent'></i>,fa fas-percent
percentage,f541,<i class='fa fas-percentage'></i>,fa fas-percentage
phone,f095,<i class='fa fas-phone'></i>,fa fas-phone
phone-slash,f3dd,<i class='fa fas-phone-slash'></i>,fa fas-phone-slash
phone-square,f098,<i class='fa fas-phone-square'></i>,fa fas-phone-square
phone-volume,f2a0,<i class='fa fas-phone-volume'></i>,fa fas-phone-volume
piggy-bank,f4d3,<i class='fa fas-piggy-bank'></i>,fa fas-piggy-bank
pills,f484,<i class='fa fas-pills'></i>,fa fas-pills
plane,f072,<i class='fa fas-plane'></i>,fa fas-plane
play,f04b,<i class='fa fas-play'></i>,fa fas-play
play-circle,f144,<i class='fa fas-play-circle'></i>,fa fas-play-circle
plug,f1e6,<i class='fa fas-plug'></i>,fa fas-plug
plus,f067,<i class='fa fas-plus'></i>,fa fas-plus
plus-circle,f055,<i class='fa fas-plus-circle'></i>,fa fas-plus-circle
plus-square,f0fe,<i class='fa fas-plus-square'></i>,fa fas-plus-square
podcast,f2ce,<i class='fa fas-podcast'></i>,fa fas-podcast
poo,f2fe,<i class='fa fas-poo'></i>,fa fas-poo
portrait,f3e0,<i class='fa fas-portrait'></i>,fa fas-portrait
pound-sign,f154,<i class='fa fas-pound-sign'></i>,fa fas-pound-sign
power-off,f011,<i class='fa fas-power-off'></i>,fa fas-power-off
prescription-bottle,f485,<i class='fa fas-prescription-bottle'></i>,fa fas-prescription-bottle
prescription-bottle-alt,f486,<i class='fa fas-prescription-bottle-alt'></i>,fa fas-prescription-bottle-alt
print,f02f,<i class='fa fas-print'></i>,fa fas-print
procedures,f487,<i class='fa fas-procedures'></i>,fa fas-procedures
project-diagram,f542,<i class='fa fas-project-diagram'></i>,fa fas-project-diagram
puzzle-piece,f12e,<i class='fa fas-puzzle-piece'></i>,fa fas-puzzle-piece
qrcode,f029,<i class='fa fas-qrcode'></i>,fa fas-qrcode
question,f128,<i class='fa fas-question'></i>,fa fas-question
question-circle,f059,<i class='fa fas-question-circle'></i>,fa fas-question-circle
quidditch,f458,<i class='fa fas-quidditch'></i>,fa fas-quidditch
quote-left,f10d,<i class='fa fas-quote-left'></i>,fa fas-quote-left
quote-right,f10e,<i class='fa fas-quote-right'></i>,fa fas-quote-right
random,f074,<i class='fa fas-random'></i>,fa fas-random
receipt,f543,<i class='fa fas-receipt'></i>,fa fas-receipt
recycle,f1b8,<i class='fa fas-recycle'></i>,fa fas-recycle
redo,f01e,<i class='fa fas-redo'></i>,fa fas-redo
redo-alt,f2f9,<i class='fa fas-redo-alt'></i>,fa fas-redo-alt
registered,f25d,<i class='fa fas-registered'></i>,fa fas-registered
reply,f3e5,<i class='fa fas-reply'></i>,fa fas-reply
reply-all,f122,<i class='fa fas-reply-all'></i>,fa fas-reply-all
retweet,f079,<i class='fa fas-retweet'></i>,fa fas-retweet
ribbon,f4d6,<i class='fa fas-ribbon'></i>,fa fas-ribbon
road,f018,<i class='fa fas-road'></i>,fa fas-road
robot,f544,<i class='fa fas-robot'></i>,fa fas-robot
rocket,f135,<i class='fa fas-rocket'></i>,fa fas-rocket
rss,f09e,<i class='fa fas-rss'></i>,fa fas-rss
rss-square,f143,<i class='fa fas-rss-square'></i>,fa fas-rss-square
ruble-sign,f158,<i class='fa fas-ruble-sign'></i>,fa fas-ruble-sign
ruler,f545,<i class='fa fas-ruler'></i>,fa fas-ruler
ruler-combined,f546,<i class='fa fas-ruler-combined'></i>,fa fas-ruler-combined
ruler-horizontal,f547,<i class='fa fas-ruler-horizontal'></i>,fa fas-ruler-horizontal
ruler-vertical,f548,<i class='fa fas-ruler-vertical'></i>,fa fas-ruler-vertical
rupee-sign,f156,<i class='fa fas-rupee-sign'></i>,fa fas-rupee-sign
save,f0c7,<i class='fa fas-save'></i>,fa fas-save
school,f549,<i class='fa fas-school'></i>,fa fas-school
screwdriver,f54a,<i class='fa fas-screwdriver'></i>,fa fas-screwdriver
search,f002,<i class='fa fas-search'></i>,fa fas-search
search-minus,f010,<i class='fa fas-search-minus'></i>,fa fas-search-minus
search-plus,f00e,<i class='fa fas-search-plus'></i>,fa fas-search-plus
seedling,f4d8,<i class='fa fas-seedling'></i>,fa fas-seedling
server,f233,<i class='fa fas-server'></i>,fa fas-server
share,f064,<i class='fa fas-share'></i>,fa fas-share
share-alt,f1e0,<i class='fa fas-share-alt'></i>,fa fas-share-alt
share-alt-square,f1e1,<i class='fa fas-share-alt-square'></i>,fa fas-share-alt-square
share-square,f14d,<i class='fa fas-share-square'></i>,fa fas-share-square
shekel-sign,f20b,<i class='fa fas-shekel-sign'></i>,fa fas-shekel-sign
shield-alt,f3ed,<i class='fa fas-shield-alt'></i>,fa fas-shield-alt
ship,f21a,<i class='fa fas-ship'></i>,fa fas-ship
shipping-fast,f48b,<i class='fa fas-shipping-fast'></i>,fa fas-shipping-fast
shoe-prints,f54b,<i class='fa fas-shoe-prints'></i>,fa fas-shoe-prints
shopping-bag,f290,<i class='fa fas-shopping-bag'></i>,fa fas-shopping-bag
shopping-basket,f291,<i class='fa fas-shopping-basket'></i>,fa fas-shopping-basket
shopping-cart,f07a,<i class='fa fas-shopping-cart'></i>,fa fas-shopping-cart
shower,f2cc,<i class='fa fas-shower'></i>,fa fas-shower
sign,f4d9,<i class='fa fas-sign'></i>,fa fas-sign
sign-in-alt,f2f6,<i class='fa fas-sign-in-alt'></i>,fa fas-sign-in-alt
sign-language,f2a7,<i class='fa fas-sign-language'></i>,fa fas-sign-language
sign-out-alt,f2f5,<i class='fa fas-sign-out-alt'></i>,fa fas-sign-out-alt
signal,f012,<i class='fa fas-signal'></i>,fa fas-signal
sitemap,f0e8,<i class='fa fas-sitemap'></i>,fa fas-sitemap
skull,f54c,<i class='fa fas-skull'></i>,fa fas-skull
sliders-h,f1de,<i class='fa fas-sliders-h'></i>,fa fas-sliders-h
smile,f118,<i class='fa fas-smile'></i>,fa fas-smile
smoking,f48d,<i class='fa fas-smoking'></i>,fa fas-smoking
smoking-ban,f54d,<i class='fa fas-smoking-ban'></i>,fa fas-smoking-ban
snowflake,f2dc,<i class='fa fas-snowflake'></i>,fa fas-snowflake
sort,f0dc,<i class='fa fas-sort'></i>,fa fas-sort
sort-alpha-down,f15d,<i class='fa fas-sort-alpha-down'></i>,fa fas-sort-alpha-down
sort-alpha-up,f15e,<i class='fa fas-sort-alpha-up'></i>,fa fas-sort-alpha-up
sort-amount-down,f160,<i class='fa fas-sort-amount-down'></i>,fa fas-sort-amount-down
sort-amount-up,f161,<i class='fa fas-sort-amount-up'></i>,fa fas-sort-amount-up
sort-down,f0dd,<i class='fa fas-sort-down'></i>,fa fas-sort-down
sort-numeric-down,f162,<i class='fa fas-sort-numeric-down'></i>,fa fas-sort-numeric-down
sort-numeric-up,f163,<i class='fa fas-sort-numeric-up'></i>,fa fas-sort-numeric-up
sort-up,f0de,<i class='fa fas-sort-up'></i>,fa fas-sort-up
space-shuttle,f197,<i class='fa fas-space-shuttle'></i>,fa fas-space-shuttle
spinner,f110,<i class='fa fas-spinner'></i>,fa fas-spinner
square,f0c8,<i class='fa fas-square'></i>,fa fas-square
square-full,f45c,<i class='fa fas-square-full'></i>,fa fas-square-full
star,f005,<i class='fa fas-star'></i>,fa fas-star
star-half,f089,<i class='fa fas-star-half'></i>,fa fas-star-half
step-backward,f048,<i class='fa fas-step-backward'></i>,fa fas-step-backward
step-forward,f051,<i class='fa fas-step-forward'></i>,fa fas-step-forward
stethoscope,f0f1,<i class='fa fas-stethoscope'></i>,fa fas-stethoscope
sticky-note,f249,<i class='fa fas-sticky-note'></i>,fa fas-sticky-note
stop,f04d,<i class='fa fas-stop'></i>,fa fas-stop
stop-circle,f28d,<i class='fa fas-stop-circle'></i>,fa fas-stop-circle
stopwatch,f2f2,<i class='fa fas-stopwatch'></i>,fa fas-stopwatch
store,f54e,<i class='fa fas-store'></i>,fa fas-store
store-alt,f54f,<i class='fa fas-store-alt'></i>,fa fas-store-alt
stream,f550,<i class='fa fas-stream'></i>,fa fas-stream
street-view,f21d,<i class='fa fas-street-view'></i>,fa fas-street-view
strikethrough,f0cc,<i class='fa fas-strikethrough'></i>,fa fas-strikethrough
stroopwafel,f551,<i class='fa fas-stroopwafel'></i>,fa fas-stroopwafel
subscript,f12c,<i class='fa fas-subscript'></i>,fa fas-subscript
subway,f239,<i class='fa fas-subway'></i>,fa fas-subway
suitcase,f0f2,<i class='fa fas-suitcase'></i>,fa fas-suitcase
sun,f185,<i class='fa fas-sun'></i>,fa fas-sun
superscript,f12b,<i class='fa fas-superscript'></i>,fa fas-superscript
sync,f021,<i class='fa fas-sync'></i>,fa fas-sync
sync-alt,f2f1,<i class='fa fas-sync-alt'></i>,fa fas-sync-alt
syringe,f48e,<i class='fa fas-syringe'></i>,fa fas-syringe
table,f0ce,<i class='fa fas-table'></i>,fa fas-table
table-tennis,f45d,<i class='fa fas-table-tennis'></i>,fa fas-table-tennis
tablet,f10a,<i class='fa fas-tablet'></i>,fa fas-tablet
tablet-alt,f3fa,<i class='fa fas-tablet-alt'></i>,fa fas-tablet-alt
tablets,f490,<i class='fa fas-tablets'></i>,fa fas-tablets
tachometer-alt,f3fd,<i class='fa fas-tachometer-alt'></i>,fa fas-tachometer-alt
tag,f02b,<i class='fa fas-tag'></i>,fa fas-tag
tags,f02c,<i class='fa fas-tags'></i>,fa fas-tags
tape,f4db,<i class='fa fas-tape'></i>,fa fas-tape
tasks,f0ae,<i class='fa fas-tasks'></i>,fa fas-tasks
taxi,f1ba,<i class='fa fas-taxi'></i>,fa fas-taxi
terminal,f120,<i class='fa fas-terminal'></i>,fa fas-terminal
text-height,f034,<i class='fa fas-text-height'></i>,fa fas-text-height
text-width,f035,<i class='fa fas-text-width'></i>,fa fas-text-width
th,f00a,<i class='fa fas-th'></i>,fa fas-th
th-large,f009,<i class='fa fas-th-large'></i>,fa fas-th-large
th-list,f00b,<i class='fa fas-th-list'></i>,fa fas-th-list
thermometer,f491,<i class='fa fas-thermometer'></i>,fa fas-thermometer
thermometer-empty,f2cb,<i class='fa fas-thermometer-empty'></i>,fa fas-thermometer-empty
thermometer-full,f2c7,<i class='fa fas-thermometer-full'></i>,fa fas-thermometer-full
thermometer-half,f2c9,<i class='fa fas-thermometer-half'></i>,fa fas-thermometer-half
thermometer-quarter,f2ca,<i class='fa fas-thermometer-quarter'></i>,fa fas-thermometer-quarter
thermometer-three-quarters,f2c8,<i class='fa fas-thermometer-three-quarters'></i>,fa fas-thermometer-three-quarters
thumbs-down,f165,<i class='fa fas-thumbs-down'></i>,fa fas-thumbs-down
thumbs-up,f164,<i class='fa fas-thumbs-up'></i>,fa fas-thumbs-up
thumbtack,f08d,<i class='fa fas-thumbtack'></i>,fa fas-thumbtack
ticket-alt,f3ff,<i class='fa fas-ticket-alt'></i>,fa fas-ticket-alt
times,f00d,<i class='fa fas-times'></i>,fa fas-times
times-circle,f057,<i class='fa fas-times-circle'></i>,fa fas-times-circle
tint,f043,<i class='fa fas-tint'></i>,fa fas-tint
toggle-off,f204,<i class='fa fas-toggle-off'></i>,fa fas-toggle-off
toggle-on,f205,<i class='fa fas-toggle-on'></i>,fa fas-toggle-on
toolbox,f552,<i class='fa fas-toolbox'></i>,fa fas-toolbox
trademark,f25c,<i class='fa fas-trademark'></i>,fa fas-trademark
train,f238,<i class='fa fas-train'></i>,fa fas-train
transgender,f224,<i class='fa fas-transgender'></i>,fa fas-transgender
transgender-alt,f225,<i class='fa fas-transgender-alt'></i>,fa fas-transgender-alt
trash,f1f8,<i class='fa fas-trash'></i>,fa fas-trash
trash-alt,f2ed,<i class='fa fas-trash-alt'></i>,fa fas-trash-alt
tree,f1bb,<i class='fa fas-tree'></i>,fa fas-tree
trophy,f091,<i class='fa fas-trophy'></i>,fa fas-trophy
truck,f0d1,<i class='fa fas-truck'></i>,fa fas-truck
truck-loading,f4de,<i class='fa fas-truck-loading'></i>,fa fas-truck-loading
truck-moving,f4df,<i class='fa fas-truck-moving'></i>,fa fas-truck-moving
tshirt,f553,<i class='fa fas-tshirt'></i>,fa fas-tshirt
tty,f1e4,<i class='fa fas-tty'></i>,fa fas-tty
tv,f26c,<i class='fa fas-tv'></i>,fa fas-tv
umbrella,f0e9,<i class='fa fas-umbrella'></i>,fa fas-umbrella
underline,f0cd,<i class='fa fas-underline'></i>,fa fas-underline
undo,f0e2,<i class='fa fas-undo'></i>,fa fas-undo
undo-alt,f2ea,<i class='fa fas-undo-alt'></i>,fa fas-undo-alt
universal-access,f29a,<i class='fa fas-universal-access'></i>,fa fas-universal-access
university,f19c,<i class='fa fas-university'></i>,fa fas-university
unlink,f127,<i class='fa fas-unlink'></i>,fa fas-unlink
unlock,f09c,<i class='fa fas-unlock'></i>,fa fas-unlock
unlock-alt,f13e,<i class='fa fas-unlock-alt'></i>,fa fas-unlock-alt
upload,f093,<i class='fa fas-upload'></i>,fa fas-upload
user,f007,<i class='fa fas-user'></i>,fa fas-user
user-alt,f406,<i class='fa fas-user-alt'></i>,fa fas-user-alt
user-alt-slash,f4fa,<i class='fa fas-user-alt-slash'></i>,fa fas-user-alt-slash
user-astronaut,f4fb,<i class='fa fas-user-astronaut'></i>,fa fas-user-astronaut
user-check,f4fc,<i class='fa fas-user-check'></i>,fa fas-user-check
user-circle,f2bd,<i class='fa fas-user-circle'></i>,fa fas-user-circle
user-clock,f4fd,<i class='fa fas-user-clock'></i>,fa fas-user-clock
user-cog,f4fe,<i class='fa fas-user-cog'></i>,fa fas-user-cog
user-edit,f4ff,<i class='fa fas-user-edit'></i>,fa fas-user-edit
user-friends,f500,<i class='fa fas-user-friends'></i>,fa fas-user-friends
user-graduate,f501,<i class='fa fas-user-graduate'></i>,fa fas-user-graduate
user-lock,f502,<i class='fa fas-user-lock'></i>,fa fas-user-lock
user-md,f0f0,<i class='fa fas-user-md'></i>,fa fas-user-md
user-minus,f503,<i class='fa fas-user-minus'></i>,fa fas-user-minus
user-ninja,f504,<i class='fa fas-user-ninja'></i>,fa fas-user-ninja
user-plus,f234,<i class='fa fas-user-plus'></i>,fa fas-user-plus
user-secret,f21b,<i class='fa fas-user-secret'></i>,fa fas-user-secret
user-shield,f505,<i class='fa fas-user-shield'></i>,fa fas-user-shield
user-slash,f506,<i class='fa fas-user-slash'></i>,fa fas-user-slash
user-tag,f507,<i class='fa fas-user-tag'></i>,fa fas-user-tag
user-tie,f508,<i class='fa fas-user-tie'></i>,fa fas-user-tie
user-times,f235,<i class='fa fas-user-times'></i>,fa fas-user-times
users,f0c0,<i class='fa fas-users'></i>,fa fas-users
users-cog,f509,<i class='fa fas-users-cog'></i>,fa fas-users-cog
utensil-spoon,f2e5,<i class='fa fas-utensil-spoon'></i>,fa fas-utensil-spoon
utensils,f2e7,<i class='fa fas-utensils'></i>,fa fas-utensils
venus,f221,<i class='fa fas-venus'></i>,fa fas-venus
venus-double,f226,<i class='fa fas-venus-double'></i>,fa fas-venus-double
venus-mars,f228,<i class='fa fas-venus-mars'></i>,fa fas-venus-mars
vial,f492,<i class='fa fas-vial'></i>,fa fas-vial
vials,f493,<i class='fa fas-vials'></i>,fa fas-vials
video,f03d,<i class='fa fas-video'></i>,fa fas-video
video-slash,f4e2,<i class='fa fas-video-slash'></i>,fa fas-video-slash
volleyball-ball,f45f,<i class='fa fas-volleyball-ball'></i>,fa fas-volleyball-ball
volume-down,f027,<i class='fa fas-volume-down'></i>,fa fas-volume-down
volume-off,f026,<i class='fa fas-volume-off'></i>,fa fas-volume-off
volume-up,f028,<i class='fa fas-volume-up'></i>,fa fas-volume-up
walking,f554,<i class='fa fas-walking'></i>,fa fas-walking
wallet,f555,<i class='fa fas-wallet'></i>,fa fas-wallet
warehouse,f494,<i class='fa fas-warehouse'></i>,fa fas-warehouse
weight,f496,<i class='fa fas-weight'></i>,fa fas-weight
wheelchair,f193,<i class='fa fas-wheelchair'></i>,fa fas-wheelchair
wifi,f1eb,<i class='fa fas-wifi'></i>,fa fas-wifi
window-close,f410,<i class='fa fas-window-close'></i>,fa fas-window-close
window-maximize,f2d0,<i class='fa fas-window-maximize'></i>,fa fas-window-maximize
window-minimize,f2d1,<i class='fa fas-window-minimize'></i>,fa fas-window-minimize
window-restore,f2d2,<i class='fa fas-window-restore'></i>,fa fas-window-restore
wine-glass,f4e3,<i class='fa fas-wine-glass'></i>,fa fas-wine-glass
won-sign,f159,<i class='fa fas-won-sign'></i>,fa fas-won-sign
wrench,f0ad,<i class='fa fas-wrench'></i>,fa fas-wrench
x-ray,f497,<i class='fa fas-x-ray'></i>,fa fas-x-ray
yen-sign,f157,<i class='fa fas-yen-sign'></i>,fa fas-yen-sign
address-book,f2b9,<i class='fa far-address-book'></i>,fa far-address-book
address-card,f2bb,<i class='fa far-address-card'></i>,fa far-address-card
arrow-alt-circle-down,f358,<i class='fa far-arrow-alt-circle-down'></i>,fa far-arrow-alt-circle-down
arrow-alt-circle-left,f359,<i class='fa far-arrow-alt-circle-left'></i>,fa far-arrow-alt-circle-left
arrow-alt-circle-right,f35a,<i class='fa far-arrow-alt-circle-right'></i>,fa far-arrow-alt-circle-right
arrow-alt-circle-up,f35b,<i class='fa far-arrow-alt-circle-up'></i>,fa far-arrow-alt-circle-up
bell,f0f3,<i class='fa far-bell'></i>,fa far-bell
bell-slash,f1f6,<i class='fa far-bell-slash'></i>,fa far-bell-slash
bookmark,f02e,<i class='fa far-bookmark'></i>,fa far-bookmark
building,f1ad,<i class='fa far-building'></i>,fa far-building
calendar,f133,<i class='fa far-calendar'></i>,fa far-calendar
calendar-alt,f073,<i class='fa far-calendar-alt'></i>,fa far-calendar-alt
calendar-check,f274,<i class='fa far-calendar-check'></i>,fa far-calendar-check
calendar-minus,f272,<i class='fa far-calendar-minus'></i>,fa far-calendar-minus
calendar-plus,f271,<i class='fa far-calendar-plus'></i>,fa far-calendar-plus
calendar-times,f273,<i class='fa far-calendar-times'></i>,fa far-calendar-times
caret-square-down,f150,<i class='fa far-caret-square-down'></i>,fa far-caret-square-down
caret-square-left,f191,<i class='fa far-caret-square-left'></i>,fa far-caret-square-left
caret-square-right,f152,<i class='fa far-caret-square-right'></i>,fa far-caret-square-right
caret-square-up,f151,<i class='fa far-caret-square-up'></i>,fa far-caret-square-up
chart-bar,f080,<i class='fa far-chart-bar'></i>,fa far-chart-bar
check-circle,f058,<i class='fa far-check-circle'></i>,fa far-check-circle
check-square,f14a,<i class='fa far-check-square'></i>,fa far-check-square
circle,f111,<i class='fa far-circle'></i>,fa far-circle
clipboard,f328,<i class='fa far-clipboard'></i>,fa far-clipboard
clock,f017,<i class='fa far-clock'></i>,fa far-clock
clone,f24d,<i class='fa far-clone'></i>,fa far-clone
closed-captioning,f20a,<i class='fa far-closed-captioning'></i>,fa far-closed-captioning
comment,f075,<i class='fa far-comment'></i>,fa far-comment
comment-alt,f27a,<i class='fa far-comment-alt'></i>,fa far-comment-alt
comment-dots,f4ad,<i class='fa far-comment-dots'></i>,fa far-comment-dots
comments,f086,<i class='fa far-comments'></i>,fa far-comments
compass,f14e,<i class='fa far-compass'></i>,fa far-compass
copy,f0c5,<i class='fa far-copy'></i>,fa far-copy
copyright,f1f9,<i class='fa far-copyright'></i>,fa far-copyright
credit-card,f09d,<i class='fa far-credit-card'></i>,fa far-credit-card
dot-circle,f192,<i class='fa far-dot-circle'></i>,fa far-dot-circle
edit,f044,<i class='fa far-edit'></i>,fa far-edit
envelope,f0e0,<i class='fa far-envelope'></i>,fa far-envelope
envelope-open,f2b6,<i class='fa far-envelope-open'></i>,fa far-envelope-open
eye,f06e,<i class='fa far-eye'></i>,fa far-eye
eye-slash,f070,<i class='fa far-eye-slash'></i>,fa far-eye-slash
file,f15b,<i class='fa far-file'></i>,fa far-file
file-alt,f15c,<i class='fa far-file-alt'></i>,fa far-file-alt
file-archive,f1c6,<i class='fa far-file-archive'></i>,fa far-file-archive
file-audio,f1c7,<i class='fa far-file-audio'></i>,fa far-file-audio
file-code,f1c9,<i class='fa far-file-code'></i>,fa far-file-code
file-excel,f1c3,<i class='fa far-file-excel'></i>,fa far-file-excel
file-image,f1c5,<i class='fa far-file-image'></i>,fa far-file-image
file-pdf,f1c1,<i class='fa far-file-pdf'></i>,fa far-file-pdf
file-powerpoint,f1c4,<i class='fa far-file-powerpoint'></i>,fa far-file-powerpoint
file-video,f1c8,<i class='fa far-file-video'></i>,fa far-file-video
file-word,f1c2,<i class='fa far-file-word'></i>,fa far-file-word
flag,f024,<i class='fa far-flag'></i>,fa far-flag
folder,f07b,<i class='fa far-folder'></i>,fa far-folder
folder-open,f07c,<i class='fa far-folder-open'></i>,fa far-folder-open
font-awesome-logo-full,f4e6,<i class='fa far-font-awesome-logo-full'></i>,fa far-font-awesome-logo-full
frown,f119,<i class='fa far-frown'></i>,fa far-frown
futbol,f1e3,<i class='fa far-futbol'></i>,fa far-futbol
gem,f3a5,<i class='fa far-gem'></i>,fa far-gem
hand-lizard,f258,<i class='fa far-hand-lizard'></i>,fa far-hand-lizard
hand-paper,f256,<i class='fa far-hand-paper'></i>,fa far-hand-paper
hand-peace,f25b,<i class='fa far-hand-peace'></i>,fa far-hand-peace
hand-point-down,f0a7,<i class='fa far-hand-point-down'></i>,fa far-hand-point-down
hand-point-left,f0a5,<i class='fa far-hand-point-left'></i>,fa far-hand-point-left
hand-point-right,f0a4,<i class='fa far-hand-point-right'></i>,fa far-hand-point-right
hand-point-up,f0a6,<i class='fa far-hand-point-up'></i>,fa far-hand-point-up
hand-pointer,f25a,<i class='fa far-hand-pointer'></i>,fa far-hand-pointer
hand-rock,f255,<i class='fa far-hand-rock'></i>,fa far-hand-rock
hand-scissors,f257,<i class='fa far-hand-scissors'></i>,fa far-hand-scissors
hand-spock,f259,<i class='fa far-hand-spock'></i>,fa far-hand-spock
handshake,f2b5,<i class='fa far-handshake'></i>,fa far-handshake
hdd,f0a0,<i class='fa far-hdd'></i>,fa far-hdd
heart,f004,<i class='fa far-heart'></i>,fa far-heart
hospital,f0f8,<i class='fa far-hospital'></i>,fa far-hospital
hourglass,f254,<i class='fa far-hourglass'></i>,fa far-hourglass
id-badge,f2c1,<i class='fa far-id-badge'></i>,fa far-id-badge
id-card,f2c2,<i class='fa far-id-card'></i>,fa far-id-card
image,f03e,<i class='fa far-image'></i>,fa far-image
images,f302,<i class='fa far-images'></i>,fa far-images
keyboard,f11c,<i class='fa far-keyboard'></i>,fa far-keyboard
lemon,f094,<i class='fa far-lemon'></i>,fa far-lemon
life-ring,f1cd,<i class='fa far-life-ring'></i>,fa far-life-ring
lightbulb,f0eb,<i class='fa far-lightbulb'></i>,fa far-lightbulb
list-alt,f022,<i class='fa far-list-alt'></i>,fa far-list-alt
map,f279,<i class='fa far-map'></i>,fa far-map
meh,f11a,<i class='fa far-meh'></i>,fa far-meh
minus-square,f146,<i class='fa far-minus-square'></i>,fa far-minus-square
money-bill-alt,f3d1,<i class='fa far-money-bill-alt'></i>,fa far-money-bill-alt
moon,f186,<i class='fa far-moon'></i>,fa far-moon
newspaper,f1ea,<i class='fa far-newspaper'></i>,fa far-newspaper
object-group,f247,<i class='fa far-object-group'></i>,fa far-object-group
object-ungroup,f248,<i class='fa far-object-ungroup'></i>,fa far-object-ungroup
paper-plane,f1d8,<i class='fa far-paper-plane'></i>,fa far-paper-plane
pause-circle,f28b,<i class='fa far-pause-circle'></i>,fa far-pause-circle
play-circle,f144,<i class='fa far-play-circle'></i>,fa far-play-circle
plus-square,f0fe,<i class='fa far-plus-square'></i>,fa far-plus-square
question-circle,f059,<i class='fa far-question-circle'></i>,fa far-question-circle
registered,f25d,<i class='fa far-registered'></i>,fa far-registered
save,f0c7,<i class='fa far-save'></i>,fa far-save
share-square,f14d,<i class='fa far-share-square'></i>,fa far-share-square
smile,f118,<i class='fa far-smile'></i>,fa far-smile
snowflake,f2dc,<i class='fa far-snowflake'></i>,fa far-snowflake
square,f0c8,<i class='fa far-square'></i>,fa far-square
star,f005,<i class='fa far-star'></i>,fa far-star
star-half,f089,<i class='fa far-star-half'></i>,fa far-star-half
sticky-note,f249,<i class='fa far-sticky-note'></i>,fa far-sticky-note
stop-circle,f28d,<i class='fa far-stop-circle'></i>,fa far-stop-circle
sun,f185,<i class='fa far-sun'></i>,fa far-sun
thumbs-down,f165,<i class='fa far-thumbs-down'></i>,fa far-thumbs-down
thumbs-up,f164,<i class='fa far-thumbs-up'></i>,fa far-thumbs-up
times-circle,f057,<i class='fa far-times-circle'></i>,fa far-times-circle
trash-alt,f2ed,<i class='fa far-trash-alt'></i>,fa far-trash-alt
user,f007,<i class='fa far-user'></i>,fa far-user
user-circle,f2bd,<i class='fa far-user-circle'></i>,fa far-user-circle
window-close,f410,<i class='fa far-window-close'></i>,fa far-window-close
window-maximize,f2d0,<i class='fa far-window-maximize'></i>,fa far-window-maximize
window-minimize,f2d1,<i class='fa far-window-minimize'></i>,fa far-window-minimize
window-restore,f2d2,<i class='fa far-window-restore'></i>,fa far-window-restore
500px,f26e,<i class='fa fab-500px'></i>,fa fab-500px
accessible-icon,f368,<i class='fa fab-accessible-icon'></i>,fa fab-accessible-icon
accusoft,f369,<i class='fa fab-accusoft'></i>,fa fab-accusoft
adn,f170,<i class='fa fab-adn'></i>,fa fab-adn
adversal,f36a,<i class='fa fab-adversal'></i>,fa fab-adversal
affiliatetheme,f36b,<i class='fa fab-affiliatetheme'></i>,fa fab-affiliatetheme
algolia,f36c,<i class='fa fab-algolia'></i>,fa fab-algolia
amazon,f270,<i class='fa fab-amazon'></i>,fa fab-amazon
amazon-pay,f42c,<i class='fa fab-amazon-pay'></i>,fa fab-amazon-pay
amilia,f36d,<i class='fa fab-amilia'></i>,fa fab-amilia
android,f17b,<i class='fa fab-android'></i>,fa fab-android
angellist,f209,<i class='fa fab-angellist'></i>,fa fab-angellist
angrycreative,f36e,<i class='fa fab-angrycreative'></i>,fa fab-angrycreative
angular,f420,<i class='fa fab-angular'></i>,fa fab-angular
app-store,f36f,<i class='fa fab-app-store'></i>,fa fab-app-store
app-store-ios,f370,<i class='fa fab-app-store-ios'></i>,fa fab-app-store-ios
apper,f371,<i class='fa fab-apper'></i>,fa fab-apper
apple,f179,<i class='fa fab-apple'></i>,fa fab-apple
apple-pay,f415,<i class='fa fab-apple-pay'></i>,fa fab-apple-pay
asymmetrik,f372,<i class='fa fab-asymmetrik'></i>,fa fab-asymmetrik
audible,f373,<i class='fa fab-audible'></i>,fa fab-audible
autoprefixer,f41c,<i class='fa fab-autoprefixer'></i>,fa fab-autoprefixer
avianex,f374,<i class='fa fab-avianex'></i>,fa fab-avianex
aviato,f421,<i class='fa fab-aviato'></i>,fa fab-aviato
aws,f375,<i class='fa fab-aws'></i>,fa fab-aws
bandcamp,f2d5,<i class='fa fab-bandcamp'></i>,fa fab-bandcamp
behance,f1b4,<i class='fa fab-behance'></i>,fa fab-behance
behance-square,f1b5,<i class='fa fab-behance-square'></i>,fa fab-behance-square
bimobject,f378,<i class='fa fab-bimobject'></i>,fa fab-bimobject
bitbucket,f171,<i class='fa fab-bitbucket'></i>,fa fab-bitbucket
bitcoin,f379,<i class='fa fab-bitcoin'></i>,fa fab-bitcoin
bity,f37a,<i class='fa fab-bity'></i>,fa fab-bity
black-tie,f27e,<i class='fa fab-black-tie'></i>,fa fab-black-tie
blackberry,f37b,<i class='fa fab-blackberry'></i>,fa fab-blackberry
blogger,f37c,<i class='fa fab-blogger'></i>,fa fab-blogger
blogger-b,f37d,<i class='fa fab-blogger-b'></i>,fa fab-blogger-b
bluetooth,f293,<i class='fa fab-bluetooth'></i>,fa fab-bluetooth
bluetooth-b,f294,<i class='fa fab-bluetooth-b'></i>,fa fab-bluetooth-b
btc,f15a,<i class='fa fab-btc'></i>,fa fab-btc
buromobelexperte,f37f,<i class='fa fab-buromobelexperte'></i>,fa fab-buromobelexperte
buysellads,f20d,<i class='fa fab-buysellads'></i>,fa fab-buysellads
cc-amazon-pay,f42d,<i class='fa fab-cc-amazon-pay'></i>,fa fab-cc-amazon-pay
cc-amex,f1f3,<i class='fa fab-cc-amex'></i>,fa fab-cc-amex
cc-apple-pay,f416,<i class='fa fab-cc-apple-pay'></i>,fa fab-cc-apple-pay
cc-diners-club,f24c,<i class='fa fab-cc-diners-club'></i>,fa fab-cc-diners-club
cc-discover,f1f2,<i class='fa fab-cc-discover'></i>,fa fab-cc-discover
cc-jcb,f24b,<i class='fa fab-cc-jcb'></i>,fa fab-cc-jcb
cc-mastercard,f1f1,<i class='fa fab-cc-mastercard'></i>,fa fab-cc-mastercard
cc-paypal,f1f4,<i class='fa fab-cc-paypal'></i>,fa fab-cc-paypal
cc-stripe,f1f5,<i class='fa fab-cc-stripe'></i>,fa fab-cc-stripe
cc-visa,f1f0,<i class='fa fab-cc-visa'></i>,fa fab-cc-visa
centercode,f380,<i class='fa fab-centercode'></i>,fa fab-centercode
chrome,f268,<i class='fa fab-chrome'></i>,fa fab-chrome
cloudscale,f383,<i class='fa fab-cloudscale'></i>,fa fab-cloudscale
cloudsmith,f384,<i class='fa fab-cloudsmith'></i>,fa fab-cloudsmith
cloudversify,f385,<i class='fa fab-cloudversify'></i>,fa fab-cloudversify
codepen,f1cb,<i class='fa fab-codepen'></i>,fa fab-codepen
codiepie,f284,<i class='fa fab-codiepie'></i>,fa fab-codiepie
connectdevelop,f20e,<i class='fa fab-connectdevelop'></i>,fa fab-connectdevelop
contao,f26d,<i class='fa fab-contao'></i>,fa fab-contao
cpanel,f388,<i class='fa fab-cpanel'></i>,fa fab-cpanel
creative-commons,f25e,<i class='fa fab-creative-commons'></i>,fa fab-creative-commons
creative-commons-by,f4e7,<i class='fa fab-creative-commons-by'></i>,fa fab-creative-commons-by
creative-commons-nc,f4e8,<i class='fa fab-creative-commons-nc'></i>,fa fab-creative-commons-nc
creative-commons-nc-eu,f4e9,<i class='fa fab-creative-commons-nc-eu'></i>,fa fab-creative-commons-nc-eu
creative-commons-nc-jp,f4ea,<i class='fa fab-creative-commons-nc-jp'></i>,fa fab-creative-commons-nc-jp
creative-commons-nd,f4eb,<i class='fa fab-creative-commons-nd'></i>,fa fab-creative-commons-nd
creative-commons-pd,f4ec,<i class='fa fab-creative-commons-pd'></i>,fa fab-creative-commons-pd
creative-commons-pd-alt,f4ed,<i class='fa fab-creative-commons-pd-alt'></i>,fa fab-creative-commons-pd-alt
creative-commons-remix,f4ee,<i class='fa fab-creative-commons-remix'></i>,fa fab-creative-commons-remix
creative-commons-sa,f4ef,<i class='fa fab-creative-commons-sa'></i>,fa fab-creative-commons-sa
creative-commons-sampling,f4f0,<i class='fa fab-creative-commons-sampling'></i>,fa fab-creative-commons-sampling
creative-commons-sampling-plus,f4f1,<i class='fa fab-creative-commons-sampling-plus'></i>,fa fab-creative-commons-sampling-plus
creative-commons-share,f4f2,<i class='fa fab-creative-commons-share'></i>,fa fab-creative-commons-share
css3,f13c,<i class='fa fab-css3'></i>,fa fab-css3
css3-alt,f38b,<i class='fa fab-css3-alt'></i>,fa fab-css3-alt
cuttlefish,f38c,<i class='fa fab-cuttlefish'></i>,fa fab-cuttlefish
d-and-d,f38d,<i class='fa fab-d-and-d'></i>,fa fab-d-and-d
dashcube,f210,<i class='fa fab-dashcube'></i>,fa fab-dashcube
delicious,f1a5,<i class='fa fab-delicious'></i>,fa fab-delicious
deploydog,f38e,<i class='fa fab-deploydog'></i>,fa fab-deploydog
deskpro,f38f,<i class='fa fab-deskpro'></i>,fa fab-deskpro
deviantart,f1bd,<i class='fa fab-deviantart'></i>,fa fab-deviantart
digg,f1a6,<i class='fa fab-digg'></i>,fa fab-digg
digital-ocean,f391,<i class='fa fab-digital-ocean'></i>,fa fab-digital-ocean
discord,f392,<i class='fa fab-discord'></i>,fa fab-discord
discourse,f393,<i class='fa fab-discourse'></i>,fa fab-discourse
dochub,f394,<i class='fa fab-dochub'></i>,fa fab-dochub
docker,f395,<i class='fa fab-docker'></i>,fa fab-docker
draft2digital,f396,<i class='fa fab-draft2digital'></i>,fa fab-draft2digital
dribbble,f17d,<i class='fa fab-dribbble'></i>,fa fab-dribbble
dribbble-square,f397,<i class='fa fab-dribbble-square'></i>,fa fab-dribbble-square
dropbox,f16b,<i class='fa fab-dropbox'></i>,fa fab-dropbox
drupal,f1a9,<i class='fa fab-drupal'></i>,fa fab-drupal
dyalog,f399,<i class='fa fab-dyalog'></i>,fa fab-dyalog
earlybirds,f39a,<i class='fa fab-earlybirds'></i>,fa fab-earlybirds
ebay,f4f4,<i class='fa fab-ebay'></i>,fa fab-ebay
edge,f282,<i class='fa fab-edge'></i>,fa fab-edge
elementor,f430,<i class='fa fab-elementor'></i>,fa fab-elementor
ember,f423,<i class='fa fab-ember'></i>,fa fab-ember
empire,f1d1,<i class='fa fab-empire'></i>,fa fab-empire
envira,f299,<i class='fa fab-envira'></i>,fa fab-envira
erlang,f39d,<i class='fa fab-erlang'></i>,fa fab-erlang
ethereum,f42e,<i class='fa fab-ethereum'></i>,fa fab-ethereum
etsy,f2d7,<i class='fa fab-etsy'></i>,fa fab-etsy
expeditedssl,f23e,<i class='fa fab-expeditedssl'></i>,fa fab-expeditedssl
facebook,f09a,<i class='fa fab-facebook'></i>,fa fab-facebook
facebook-f,f39e,<i class='fa fab-facebook-f'></i>,fa fab-facebook-f
facebook-messenger,f39f,<i class='fa fab-facebook-messenger'></i>,fa fab-facebook-messenger
facebook-square,f082,<i class='fa fab-facebook-square'></i>,fa fab-facebook-square
firefox,f269,<i class='fa fab-firefox'></i>,fa fab-firefox
first-order,f2b0,<i class='fa fab-first-order'></i>,fa fab-first-order
first-order-alt,f50a,<i class='fa fab-first-order-alt'></i>,fa fab-first-order-alt
firstdraft,f3a1,<i class='fa fab-firstdraft'></i>,fa fab-firstdraft
flickr,f16e,<i class='fa fab-flickr'></i>,fa fab-flickr
flipboard,f44d,<i class='fa fab-flipboard'></i>,fa fab-flipboard
fly,f417,<i class='fa fab-fly'></i>,fa fab-fly
font-awesome,f2b4,<i class='fa fab-font-awesome'></i>,fa fab-font-awesome
font-awesome-alt,f35c,<i class='fa fab-font-awesome-alt'></i>,fa fab-font-awesome-alt
font-awesome-flag,f425,<i class='fa fab-font-awesome-flag'></i>,fa fab-font-awesome-flag
font-awesome-logo-full,f4e6,<i class='fa fab-font-awesome-logo-full'></i>,fa fab-font-awesome-logo-full
fonticons,f280,<i class='fa fab-fonticons'></i>,fa fab-fonticons
fonticons-fi,f3a2,<i class='fa fab-fonticons-fi'></i>,fa fab-fonticons-fi
fort-awesome,f286,<i class='fa fab-fort-awesome'></i>,fa fab-fort-awesome
fort-awesome-alt,f3a3,<i class='fa fab-fort-awesome-alt'></i>,fa fab-fort-awesome-alt
forumbee,f211,<i class='fa fab-forumbee'></i>,fa fab-forumbee
foursquare,f180,<i class='fa fab-foursquare'></i>,fa fab-foursquare
free-code-camp,f2c5,<i class='fa fab-free-code-camp'></i>,fa fab-free-code-camp
freebsd,f3a4,<i class='fa fab-freebsd'></i>,fa fab-freebsd
fulcrum,f50b,<i class='fa fab-fulcrum'></i>,fa fab-fulcrum
galactic-republic,f50c,<i class='fa fab-galactic-republic'></i>,fa fab-galactic-republic
galactic-senate,f50d,<i class='fa fab-galactic-senate'></i>,fa fab-galactic-senate
get-pocket,f265,<i class='fa fab-get-pocket'></i>,fa fab-get-pocket
gg,f260,<i class='fa fab-gg'></i>,fa fab-gg
gg-circle,f261,<i class='fa fab-gg-circle'></i>,fa fab-gg-circle
git,f1d3,<i class='fa fab-git'></i>,fa fab-git
git-square,f1d2,<i class='fa fab-git-square'></i>,fa fab-git-square
github,f09b,<i class='fa fab-github'></i>,fa fab-github
github-alt,f113,<i class='fa fab-github-alt'></i>,fa fab-github-alt
github-square,f092,<i class='fa fab-github-square'></i>,fa fab-github-square
gitkraken,f3a6,<i class='fa fab-gitkraken'></i>,fa fab-gitkraken
gitlab,f296,<i class='fa fab-gitlab'></i>,fa fab-gitlab
gitter,f426,<i class='fa fab-gitter'></i>,fa fab-gitter
glide,f2a5,<i class='fa fab-glide'></i>,fa fab-glide
glide-g,f2a6,<i class='fa fab-glide-g'></i>,fa fab-glide-g
gofore,f3a7,<i class='fa fab-gofore'></i>,fa fab-gofore
goodreads,f3a8,<i class='fa fab-goodreads'></i>,fa fab-goodreads
goodreads-g,f3a9,<i class='fa fab-goodreads-g'></i>,fa fab-goodreads-g
google,f1a0,<i class='fa fab-google'></i>,fa fab-google
google-drive,f3aa,<i class='fa fab-google-drive'></i>,fa fab-google-drive
google-play,f3ab,<i class='fa fab-google-play'></i>,fa fab-google-play
google-plus,f2b3,<i class='fa fab-google-plus'></i>,fa fab-google-plus
google-plus-g,f0d5,<i class='fa fab-google-plus-g'></i>,fa fab-google-plus-g
google-plus-square,f0d4,<i class='fa fab-google-plus-square'></i>,fa fab-google-plus-square
google-wallet,f1ee,<i class='fa fab-google-wallet'></i>,fa fab-google-wallet
gratipay,f184,<i class='fa fab-gratipay'></i>,fa fab-gratipay
grav,f2d6,<i class='fa fab-grav'></i>,fa fab-grav
gripfire,f3ac,<i class='fa fab-gripfire'></i>,fa fab-gripfire
grunt,f3ad,<i class='fa fab-grunt'></i>,fa fab-grunt
gulp,f3ae,<i class='fa fab-gulp'></i>,fa fab-gulp
hacker-news,f1d4,<i class='fa fab-hacker-news'></i>,fa fab-hacker-news
hacker-news-square,f3af,<i class='fa fab-hacker-news-square'></i>,fa fab-hacker-news-square
hips,f452,<i class='fa fab-hips'></i>,fa fab-hips
hire-a-helper,f3b0,<i class='fa fab-hire-a-helper'></i>,fa fab-hire-a-helper
hooli,f427,<i class='fa fab-hooli'></i>,fa fab-hooli
hotjar,f3b1,<i class='fa fab-hotjar'></i>,fa fab-hotjar
houzz,f27c,<i class='fa fab-houzz'></i>,fa fab-houzz
html5,f13b,<i class='fa fab-html5'></i>,fa fab-html5
hubspot,f3b2,<i class='fa fab-hubspot'></i>,fa fab-hubspot
imdb,f2d8,<i class='fa fab-imdb'></i>,fa fab-imdb
instagram,f16d,<i class='fa fab-instagram'></i>,fa fab-instagram
internet-explorer,f26b,<i class='fa fab-internet-explorer'></i>,fa fab-internet-explorer
ioxhost,f208,<i class='fa fab-ioxhost'></i>,fa fab-ioxhost
itunes,f3b4,<i class='fa fab-itunes'></i>,fa fab-itunes
itunes-note,f3b5,<i class='fa fab-itunes-note'></i>,fa fab-itunes-note
java,f4e4,<i class='fa fab-java'></i>,fa fab-java
jedi-order,f50e,<i class='fa fab-jedi-order'></i>,fa fab-jedi-order
jenkins,f3b6,<i class='fa fab-jenkins'></i>,fa fab-jenkins
joget,f3b7,<i class='fa fab-joget'></i>,fa fab-joget
joomla,f1aa,<i class='fa fab-joomla'></i>,fa fab-joomla
js,f3b8,<i class='fa fab-js'></i>,fa fab-js
js-square,f3b9,<i class='fa fab-js-square'></i>,fa fab-js-square
jsfiddle,f1cc,<i class='fa fab-jsfiddle'></i>,fa fab-jsfiddle
keybase,f4f5,<i class='fa fab-keybase'></i>,fa fab-keybase
keycdn,f3ba,<i class='fa fab-keycdn'></i>,fa fab-keycdn
kickstarter,f3bb,<i class='fa fab-kickstarter'></i>,fa fab-kickstarter
kickstarter-k,f3bc,<i class='fa fab-kickstarter-k'></i>,fa fab-kickstarter-k
korvue,f42f,<i class='fa fab-korvue'></i>,fa fab-korvue
laravel,f3bd,<i class='fa fab-laravel'></i>,fa fab-laravel
lastfm,f202,<i class='fa fab-lastfm'></i>,fa fab-lastfm
lastfm-square,f203,<i class='fa fab-lastfm-square'></i>,fa fab-lastfm-square
leanpub,f212,<i class='fa fab-leanpub'></i>,fa fab-leanpub
less,f41d,<i class='fa fab-less'></i>,fa fab-less
line,f3c0,<i class='fa fab-line'></i>,fa fab-line
linkedin,f08c,<i class='fa fab-linkedin'></i>,fa fab-linkedin
linkedin-in,f0e1,<i class='fa fab-linkedin-in'></i>,fa fab-linkedin-in
linode,f2b8,<i class='fa fab-linode'></i>,fa fab-linode
linux,f17c,<i class='fa fab-linux'></i>,fa fab-linux
lyft,f3c3,<i class='fa fab-lyft'></i>,fa fab-lyft
magento,f3c4,<i class='fa fab-magento'></i>,fa fab-magento
mandalorian,f50f,<i class='fa fab-mandalorian'></i>,fa fab-mandalorian
mastodon,f4f6,<i class='fa fab-mastodon'></i>,fa fab-mastodon
maxcdn,f136,<i class='fa fab-maxcdn'></i>,fa fab-maxcdn
medapps,f3c6,<i class='fa fab-medapps'></i>,fa fab-medapps
medium,f23a,<i class='fa fab-medium'></i>,fa fab-medium
medium-m,f3c7,<i class='fa fab-medium-m'></i>,fa fab-medium-m
medrt,f3c8,<i class='fa fab-medrt'></i>,fa fab-medrt
meetup,f2e0,<i class='fa fab-meetup'></i>,fa fab-meetup
microsoft,f3ca,<i class='fa fab-microsoft'></i>,fa fab-microsoft
mix,f3cb,<i class='fa fab-mix'></i>,fa fab-mix
mixcloud,f289,<i class='fa fab-mixcloud'></i>,fa fab-mixcloud
mizuni,f3cc,<i class='fa fab-mizuni'></i>,fa fab-mizuni
modx,f285,<i class='fa fab-modx'></i>,fa fab-modx
monero,f3d0,<i class='fa fab-monero'></i>,fa fab-monero
napster,f3d2,<i class='fa fab-napster'></i>,fa fab-napster
nintendo-switch,f418,<i class='fa fab-nintendo-switch'></i>,fa fab-nintendo-switch
node,f419,<i class='fa fab-node'></i>,fa fab-node
node-js,f3d3,<i class='fa fab-node-js'></i>,fa fab-node-js
npm,f3d4,<i class='fa fab-npm'></i>,fa fab-npm
ns8,f3d5,<i class='fa fab-ns8'></i>,fa fab-ns8
nutritionix,f3d6,<i class='fa fab-nutritionix'></i>,fa fab-nutritionix
odnoklassniki,f263,<i class='fa fab-odnoklassniki'></i>,fa fab-odnoklassniki
odnoklassniki-square,f264,<i class='fa fab-odnoklassniki-square'></i>,fa fab-odnoklassniki-square
old-republic,f510,<i class='fa fab-old-republic'></i>,fa fab-old-republic
opencart,f23d,<i class='fa fab-opencart'></i>,fa fab-opencart
openid,f19b,<i class='fa fab-openid'></i>,fa fab-openid
opera,f26a,<i class='fa fab-opera'></i>,fa fab-opera
optin-monster,f23c,<i class='fa fab-optin-monster'></i>,fa fab-optin-monster
osi,f41a,<i class='fa fab-osi'></i>,fa fab-osi
page4,f3d7,<i class='fa fab-page4'></i>,fa fab-page4
pagelines,f18c,<i class='fa fab-pagelines'></i>,fa fab-pagelines
palfed,f3d8,<i class='fa fab-palfed'></i>,fa fab-palfed
patreon,f3d9,<i class='fa fab-patreon'></i>,fa fab-patreon
paypal,f1ed,<i class='fa fab-paypal'></i>,fa fab-paypal
periscope,f3da,<i class='fa fab-periscope'></i>,fa fab-periscope
phabricator,f3db,<i class='fa fab-phabricator'></i>,fa fab-phabricator
phoenix-framework,f3dc,<i class='fa fab-phoenix-framework'></i>,fa fab-phoenix-framework
phoenix-squadron,f511,<i class='fa fab-phoenix-squadron'></i>,fa fab-phoenix-squadron
php,f457,<i class='fa fab-php'></i>,fa fab-php
pied-piper,f2ae,<i class='fa fab-pied-piper'></i>,fa fab-pied-piper
pied-piper-alt,f1a8,<i class='fa fab-pied-piper-alt'></i>,fa fab-pied-piper-alt
pied-piper-hat,f4e5,<i class='fa fab-pied-piper-hat'></i>,fa fab-pied-piper-hat
pied-piper-pp,f1a7,<i class='fa fab-pied-piper-pp'></i>,fa fab-pied-piper-pp
pinterest,f0d2,<i class='fa fab-pinterest'></i>,fa fab-pinterest
pinterest-p,f231,<i class='fa fab-pinterest-p'></i>,fa fab-pinterest-p
pinterest-square,f0d3,<i class='fa fab-pinterest-square'></i>,fa fab-pinterest-square
playstation,f3df,<i class='fa fab-playstation'></i>,fa fab-playstation
product-hunt,f288,<i class='fa fab-product-hunt'></i>,fa fab-product-hunt
pushed,f3e1,<i class='fa fab-pushed'></i>,fa fab-pushed
python,f3e2,<i class='fa fab-python'></i>,fa fab-python
qq,f1d6,<i class='fa fab-qq'></i>,fa fab-qq
quinscape,f459,<i class='fa fab-quinscape'></i>,fa fab-quinscape
quora,f2c4,<i class='fa fab-quora'></i>,fa fab-quora
r-project,f4f7,<i class='fa fab-r-project'></i>,fa fab-r-project
ravelry,f2d9,<i class='fa fab-ravelry'></i>,fa fab-ravelry
react,f41b,<i class='fa fab-react'></i>,fa fab-react
readme,f4d5,<i class='fa fab-readme'></i>,fa fab-readme
rebel,f1d0,<i class='fa fab-rebel'></i>,fa fab-rebel
red-river,f3e3,<i class='fa fab-red-river'></i>,fa fab-red-river
reddit,f1a1,<i class='fa fab-reddit'></i>,fa fab-reddit
reddit-alien,f281,<i class='fa fab-reddit-alien'></i>,fa fab-reddit-alien
reddit-square,f1a2,<i class='fa fab-reddit-square'></i>,fa fab-reddit-square
rendact,f3e4,<i class='fa fab-rendact'></i>,fa fab-rendact
renren,f18b,<i class='fa fab-renren'></i>,fa fab-renren
replyd,f3e6,<i class='fa fab-replyd'></i>,fa fab-replyd
researchgate,f4f8,<i class='fa fab-researchgate'></i>,fa fab-researchgate
resolving,f3e7,<i class='fa fab-resolving'></i>,fa fab-resolving
rocketchat,f3e8,<i class='fa fab-rocketchat'></i>,fa fab-rocketchat
rockrms,f3e9,<i class='fa fab-rockrms'></i>,fa fab-rockrms
safari,f267,<i class='fa fab-safari'></i>,fa fab-safari
sass,f41e,<i class='fa fab-sass'></i>,fa fab-sass
schlix,f3ea,<i class='fa fab-schlix'></i>,fa fab-schlix
scribd,f28a,<i class='fa fab-scribd'></i>,fa fab-scribd
searchengin,f3eb,<i class='fa fab-searchengin'></i>,fa fab-searchengin
sellcast,f2da,<i class='fa fab-sellcast'></i>,fa fab-sellcast
sellsy,f213,<i class='fa fab-sellsy'></i>,fa fab-sellsy
servicestack,f3ec,<i class='fa fab-servicestack'></i>,fa fab-servicestack
shirtsinbulk,f214,<i class='fa fab-shirtsinbulk'></i>,fa fab-shirtsinbulk
simplybuilt,f215,<i class='fa fab-simplybuilt'></i>,fa fab-simplybuilt
sistrix,f3ee,<i class='fa fab-sistrix'></i>,fa fab-sistrix
sith,f512,<i class='fa fab-sith'></i>,fa fab-sith
skyatlas,f216,<i class='fa fab-skyatlas'></i>,fa fab-skyatlas
skype,f17e,<i class='fa fab-skype'></i>,fa fab-skype
slack,f198,<i class='fa fab-slack'></i>,fa fab-slack
slack-hash,f3ef,<i class='fa fab-slack-hash'></i>,fa fab-slack-hash
slideshare,f1e7,<i class='fa fab-slideshare'></i>,fa fab-slideshare
snapchat,f2ab,<i class='fa fab-snapchat'></i>,fa fab-snapchat
snapchat-ghost,f2ac,<i class='fa fab-snapchat-ghost'></i>,fa fab-snapchat-ghost
snapchat-square,f2ad,<i class='fa fab-snapchat-square'></i>,fa fab-snapchat-square
soundcloud,f1be,<i class='fa fab-soundcloud'></i>,fa fab-soundcloud
speakap,f3f3,<i class='fa fab-speakap'></i>,fa fab-speakap
spotify,f1bc,<i class='fa fab-spotify'></i>,fa fab-spotify
stack-exchange,f18d,<i class='fa fab-stack-exchange'></i>,fa fab-stack-exchange
stack-overflow,f16c,<i class='fa fab-stack-overflow'></i>,fa fab-stack-overflow
staylinked,f3f5,<i class='fa fab-staylinked'></i>,fa fab-staylinked
steam,f1b6,<i class='fa fab-steam'></i>,fa fab-steam
steam-square,f1b7,<i class='fa fab-steam-square'></i>,fa fab-steam-square
steam-symbol,f3f6,<i class='fa fab-steam-symbol'></i>,fa fab-steam-symbol
sticker-mule,f3f7,<i class='fa fab-sticker-mule'></i>,fa fab-sticker-mule
strava,f428,<i class='fa fab-strava'></i>,fa fab-strava
stripe,f429,<i class='fa fab-stripe'></i>,fa fab-stripe
stripe-s,f42a,<i class='fa fab-stripe-s'></i>,fa fab-stripe-s
studiovinari,f3f8,<i class='fa fab-studiovinari'></i>,fa fab-studiovinari
stumbleupon,f1a4,<i class='fa fab-stumbleupon'></i>,fa fab-stumbleupon
stumbleupon-circle,f1a3,<i class='fa fab-stumbleupon-circle'></i>,fa fab-stumbleupon-circle
superpowers,f2dd,<i class='fa fab-superpowers'></i>,fa fab-superpowers
supple,f3f9,<i class='fa fab-supple'></i>,fa fab-supple
teamspeak,f4f9,<i class='fa fab-teamspeak'></i>,fa fab-teamspeak
telegram,f2c6,<i class='fa fab-telegram'></i>,fa fab-telegram
telegram-plane,f3fe,<i class='fa fab-telegram-plane'></i>,fa fab-telegram-plane
tencent-weibo,f1d5,<i class='fa fab-tencent-weibo'></i>,fa fab-tencent-weibo
themeisle,f2b2,<i class='fa fab-themeisle'></i>,fa fab-themeisle
trade-federation,f513,<i class='fa fab-trade-federation'></i>,fa fab-trade-federation
trello,f181,<i class='fa fab-trello'></i>,fa fab-trello
tripadvisor,f262,<i class='fa fab-tripadvisor'></i>,fa fab-tripadvisor
tumblr,f173,<i class='fa fab-tumblr'></i>,fa fab-tumblr
tumblr-square,f174,<i class='fa fab-tumblr-square'></i>,fa fab-tumblr-square
twitch,f1e8,<i class='fa fab-twitch'></i>,fa fab-twitch
twitter,f099,<i class='fa fab-twitter'></i>,fa fab-twitter
twitter-square,f081,<i class='fa fab-twitter-square'></i>,fa fab-twitter-square
typo3,f42b,<i class='fa fab-typo3'></i>,fa fab-typo3
uber,f402,<i class='fa fab-uber'></i>,fa fab-uber
uikit,f403,<i class='fa fab-uikit'></i>,fa fab-uikit
uniregistry,f404,<i class='fa fab-uniregistry'></i>,fa fab-uniregistry
untappd,f405,<i class='fa fab-untappd'></i>,fa fab-untappd
usb,f287,<i class='fa fab-usb'></i>,fa fab-usb
ussunnah,f407,<i class='fa fab-ussunnah'></i>,fa fab-ussunnah
vaadin,f408,<i class='fa fab-vaadin'></i>,fa fab-vaadin
viacoin,f237,<i class='fa fab-viacoin'></i>,fa fab-viacoin
viadeo,f2a9,<i class='fa fab-viadeo'></i>,fa fab-viadeo
viadeo-square,f2aa,<i class='fa fab-viadeo-square'></i>,fa fab-viadeo-square
viber,f409,<i class='fa fab-viber'></i>,fa fab-viber
vimeo,f40a,<i class='fa fab-vimeo'></i>,fa fab-vimeo
vimeo-square,f194,<i class='fa fab-vimeo-square'></i>,fa fab-vimeo-square
vimeo-v,f27d,<i class='fa fab-vimeo-v'></i>,fa fab-vimeo-v
vine,f1ca,<i class='fa fab-vine'></i>,fa fab-vine
vk,f189,<i class='fa fab-vk'></i>,fa fab-vk
vnv,f40b,<i class='fa fab-vnv'></i>,fa fab-vnv
vuejs,f41f,<i class='fa fab-vuejs'></i>,fa fab-vuejs
weibo,f18a,<i class='fa fab-weibo'></i>,fa fab-weibo
weixin,f1d7,<i class='fa fab-weixin'></i>,fa fab-weixin
whatsapp,f232,<i class='fa fab-whatsapp'></i>,fa fab-whatsapp
whatsapp-square,f40c,<i class='fa fab-whatsapp-square'></i>,fa fab-whatsapp-square
whmcs,f40d,<i class='fa fab-whmcs'></i>,fa fab-whmcs
wikipedia-w,f266,<i class='fa fab-wikipedia-w'></i>,fa fab-wikipedia-w
windows,f17a,<i class='fa fab-windows'></i>,fa fab-windows
wolf-pack-battalion,f514,<i class='fa fab-wolf-pack-battalion'></i>,fa fab-wolf-pack-battalion
wordpress,f19a,<i class='fa fab-wordpress'></i>,fa fab-wordpress
wordpress-simple,f411,<i class='fa fab-wordpress-simple'></i>,fa fab-wordpress-simple
wpbeginner,f297,<i class='fa fab-wpbeginner'></i>,fa fab-wpbeginner
wpexplorer,f2de,<i class='fa fab-wpexplorer'></i>,fa fab-wpexplorer
wpforms,f298,<i class='fa fab-wpforms'></i>,fa fab-wpforms
xbox,f412,<i class='fa fab-xbox'></i>,fa fab-xbox
xing,f168,<i class='fa fab-xing'></i>,fa fab-xing
xing-square,f169,<i class='fa fab-xing-square'></i>,fa fab-xing-square
y-combinator,f23b,<i class='fa fab-y-combinator'></i>,fa fab-y-combinator
yahoo,f19e,<i class='fa fab-yahoo'></i>,fa fab-yahoo
yandex,f413,<i class='fa fab-yandex'></i>,fa fab-yandex
yandex-international,f414,<i class='fa fab-yandex-international'></i>,fa fab-yandex-international
yelp,f1e9,<i class='fa fab-yelp'></i>,fa fab-yelp
yoast,f2b1,<i class='fa fab-yoast'></i>,fa fab-yoast
youtube,f167,<i class='fa fab-youtube'></i>,fa fab-youtube
youtube-square,f431,<i class='fa fab-youtube-square'></i>,fa fab-youtube-square
